First Name,Middle Name,Surname,Email,Sex,Subjects Taken
Juan,Garcia,Lodi,juangarcia@gmail.com,male,math,english
Juan,Garcia,Lodi,juan@gmail.com,male,math,english,filipino
Johnny,yespapa,eatingsugar,johhnyespapa@gmail.com,male,math,english
Johnny,yespapa,eatingsugar,johhnyespapa@gmail.com,male,math,english
sanji,Lou,Vinsmoke,Vinsmokesanji@gmail.com,male,math,english
sanjii,Lou,Vinsmokes,Vinsmokesanjii@gmail.com,male,math,english
testing,tester,testes,testes@gmail.com,female,math,english
testing,tester,testes,testes@gmail.com,female,math,english
testing,tester,testes,testes@gmail.com,female,math,english
testing,tester,testes,testes@gmail.com,female,math,english
testing,tester,testes,testes@gmail.com,female,math,english
testing,tester,testes,testes@gmail.com,female,math,english
testing,tester,testes,testes@gmail.com,female,math,english
John Ruiz,Parayno,Reyes,reyesjohn597@gmail.com,male,math,english
John Ruiz,Parayno,Reyes,reyesjohn597@gmail.com,male,math,english
